,user_id,grade_id,sex,usa_routes,sex_name
0,61.0,57.0,0,5.12d,male
1,65.0,64.0,0,5.13c,male
2,66.0,62.0,0,5.13b,male
3,69.0,62.0,0,5.13b,male
4,134.0,70.0,0,5.14b,male
5,160.0,55.0,0,5.12c,male
6,215.0,68.0,0,5.14a,male
7,312.0,59.0,0,5.13a,male
8,345.0,64.0,0,5.13c,male
9,351.0,70.0,0,5.14b,male
10,358.0,64.0,0,5.13c,male
11,359.0,64.0,0,5.13c,male
12,379.0,70.0,0,5.14b,male
13,392.0,59.0,0,5.13a,male
14,417.0,68.0,0,5.14a,male
15,439.0,62.0,0,5.13b,male
16,446.0,66.0,0,5.13d,male
17,452.0,77.0,0,5.15a,male
18,667.0,51.0,0,5.12a,male
19,823.0,68.0,0,5.14a,male
20,899.0,57.0,0,5.12d,male
21,932.0,68.0,0,5.14a,male
22,1042.0,46.0,0,5.11b,male
23,1138.0,75.0,0,5.14d,male
24,1146.0,57.0,0,5.12d,male
25,1195.0,55.0,0,5.12c,male
26,1323.0,53.0,0,5.12b,male
27,1356.0,68.0,0,5.14a,male
28,1362.0,66.0,0,5.13d,male
29,1387.0,46.0,0,5.11b,male
30,1455.0,59.0,0,5.13a,male
31,1467.0,57.0,0,5.12d,male
32,1522.0,68.0,0,5.14a,male
33,1549.0,66.0,0,5.13d,male
34,1585.0,62.0,0,5.13b,male
35,1625.0,57.0,0,5.12d,male
36,1656.0,66.0,1,5.13d,female
37,1710.0,55.0,0,5.12c,male
38,1777.0,70.0,0,5.14b,male
39,1781.0,62.0,0,5.13b,male
40,1790.0,51.0,0,5.12a,male
41,1795.0,62.0,0,5.13b,male
42,1838.0,51.0,0,5.12a,male
43,1844.0,64.0,0,5.13c,male
44,1865.0,62.0,0,5.13b,male
45,2034.0,68.0,0,5.14a,male
46,2056.0,55.0,0,5.12c,male
47,2057.0,59.0,0,5.13a,male
48,2139.0,68.0,0,5.14a,male
49,2142.0,64.0,0,5.13c,male
50,2182.0,59.0,0,5.13a,male
51,2212.0,68.0,0,5.14a,male
52,2225.0,51.0,0,5.12a,male
53,2298.0,49.0,0,5.11d,male
54,2323.0,64.0,0,5.13c,male
55,2466.0,51.0,0,5.12a,male
56,2505.0,44.0,0,5.11a,male
57,2510.0,70.0,0,5.14b,male
58,2582.0,66.0,0,5.13d,male
59,2593.0,57.0,0,5.12d,male
60,2602.0,57.0,0,5.12d,male
61,2681.0,66.0,0,5.13d,male
62,2777.0,59.0,0,5.13a,male
63,2898.0,44.0,1,5.11a,female
64,2910.0,59.0,0,5.13a,male
65,2917.0,66.0,0,5.13d,male
66,2936.0,72.0,0,5.14c,male
67,3012.0,68.0,0,5.14a,male
68,3013.0,57.0,0,5.12d,male
69,3059.0,46.0,0,5.11b,male
70,3091.0,64.0,0,5.13c,male
71,3095.0,49.0,0,5.11d,male
72,3100.0,68.0,0,5.14a,male
73,3430.0,59.0,0,5.13a,male
74,3483.0,36.0,0,5.10a,male
75,3494.0,72.0,0,5.14c,male
76,3572.0,59.0,0,5.13a,male
77,3749.0,59.0,1,5.13a,female
78,3810.0,59.0,0,5.13a,male
79,3827.0,70.0,0,5.14b,male
80,3831.0,62.0,0,5.13b,male
81,3907.0,66.0,0,5.13d,male
82,3927.0,59.0,0,5.13a,male
83,3936.0,62.0,0,5.13b,male
84,3943.0,70.0,0,5.14b,male
85,3953.0,53.0,0,5.12b,male
86,4101.0,46.0,0,5.11b,male
87,4151.0,53.0,0,5.12b,male
88,4220.0,75.0,0,5.14d,male
89,4263.0,64.0,0,5.13c,male
90,4264.0,59.0,0,5.13a,male
91,4391.0,62.0,0,5.13b,male
92,4422.0,77.0,0,5.15a,male
93,4447.0,62.0,0,5.13b,male
94,4524.0,57.0,0,5.12d,male
95,4530.0,55.0,0,5.12c,male
96,4538.0,59.0,0,5.13a,male
97,4539.0,59.0,0,5.13a,male
98,4600.0,72.0,0,5.14c,male
99,4621.0,55.0,1,5.12c,female
100,4629.0,64.0,0,5.13c,male
101,4662.0,46.0,0,5.11b,male
102,4700.0,62.0,0,5.13b,male
103,4744.0,64.0,0,5.13c,male
104,4802.0,59.0,1,5.13a,female
105,4834.0,53.0,0,5.12b,male
106,4850.0,46.0,0,5.11b,male
107,4865.0,31.0,0,5.8,male
108,4883.0,72.0,0,5.14c,male
109,4901.0,42.0,0,5.10d,male
110,4924.0,62.0,0,5.13b,male
111,5021.0,68.0,0,5.14a,male
112,5087.0,59.0,0,5.13a,male
113,5120.0,66.0,0,5.13d,male
114,5137.0,46.0,0,5.11b,male
115,5177.0,72.0,0,5.14c,male
116,5200.0,55.0,0,5.12c,male
117,5302.0,55.0,0,5.12c,male
118,5323.0,57.0,1,5.12d,female
119,5347.0,64.0,0,5.13c,male
120,5352.0,66.0,0,5.13d,male
121,5457.0,55.0,0,5.12c,male
122,5466.0,59.0,0,5.13a,male
123,5498.0,68.0,0,5.14a,male
124,5554.0,38.0,0,5.10b,male
125,5655.0,51.0,1,5.12a,female
126,5850.0,62.0,0,5.13b,male
127,5901.0,46.0,1,5.11b,female
128,5909.0,59.0,0,5.13a,male
129,6044.0,49.0,0,5.11d,male
130,6051.0,68.0,0,5.14a,male
131,6095.0,59.0,0,5.13a,male
132,6314.0,62.0,1,5.13b,female
133,6348.0,75.0,0,5.14d,male
134,6418.0,53.0,0,5.12b,male
135,6419.0,38.0,0,5.10b,male
136,6527.0,62.0,0,5.13b,male
137,6536.0,33.0,1,5.9,female
138,6610.0,59.0,1,5.13a,female
139,6652.0,70.0,0,5.14b,male
140,6801.0,62.0,0,5.13b,male
141,6809.0,53.0,0,5.12b,male
142,6862.0,68.0,0,5.14a,male
143,6871.0,55.0,0,5.12c,male
144,6891.0,68.0,0,5.14a,male
145,6900.0,29.0,0,5.7,male
146,7082.0,62.0,0,5.13b,male
147,7088.0,64.0,0,5.13c,male
148,7153.0,51.0,0,5.12a,male
149,7233.0,42.0,0,5.10d,male
150,7278.0,57.0,0,5.12d,male
151,7379.0,49.0,0,5.11d,male
152,7381.0,59.0,0,5.13a,male
153,7398.0,49.0,1,5.11d,female
154,7400.0,53.0,0,5.12b,male
155,7420.0,55.0,0,5.12c,male
156,7510.0,51.0,0,5.12a,male
157,7511.0,53.0,1,5.12b,female
158,7575.0,64.0,0,5.13c,male
159,7638.0,68.0,0,5.14a,male
160,7644.0,55.0,1,5.12c,female
161,7653.0,72.0,0,5.14c,male
162,7655.0,68.0,0,5.14a,male
163,7666.0,66.0,0,5.13d,male
164,7907.0,62.0,0,5.13b,male
165,7918.0,59.0,0,5.13a,male
166,7966.0,55.0,0,5.12c,male
167,7983.0,57.0,0,5.12d,male
168,8063.0,49.0,0,5.11d,male
169,8094.0,62.0,0,5.13b,male
170,8189.0,44.0,0,5.11a,male
171,8221.0,51.0,0,5.12a,male
172,8291.0,42.0,0,5.10d,male
173,8298.0,51.0,0,5.12a,male
174,8311.0,57.0,1,5.12d,female
175,8410.0,66.0,0,5.13d,male
176,8430.0,55.0,0,5.12c,male
177,8439.0,68.0,0,5.14a,male
178,8444.0,70.0,0,5.14b,male
179,8510.0,57.0,0,5.12d,male
180,8628.0,59.0,0,5.13a,male
181,8650.0,51.0,0,5.12a,male
182,8671.0,55.0,0,5.12c,male
183,8686.0,62.0,0,5.13b,male
184,8730.0,53.0,0,5.12b,male
185,8741.0,62.0,0,5.13b,male
186,8777.0,55.0,0,5.12c,male
187,8975.0,59.0,0,5.13a,male
188,8993.0,72.0,0,5.14c,male
189,9008.0,68.0,0,5.14a,male
190,9018.0,51.0,0,5.12a,male
191,9086.0,59.0,0,5.13a,male
192,9111.0,68.0,0,5.14a,male
193,9141.0,55.0,1,5.12c,female
194,9181.0,68.0,0,5.14a,male
195,9311.0,53.0,0,5.12b,male
196,9337.0,59.0,0,5.13a,male
197,9413.0,59.0,0,5.13a,male
198,9429.0,66.0,0,5.13d,male
199,9448.0,70.0,0,5.14b,male
200,9509.0,55.0,0,5.12c,male
201,9533.0,55.0,1,5.12c,female
202,9547.0,49.0,0,5.11d,male
203,9564.0,51.0,1,5.12a,female
204,9567.0,53.0,0,5.12b,male
205,9651.0,64.0,1,5.13c,female
206,9695.0,44.0,0,5.11a,male
207,9707.0,36.0,0,5.10a,male
208,9711.0,46.0,0,5.11b,male
209,9724.0,44.0,0,5.11a,male
210,9806.0,31.0,0,5.8,male
211,9854.0,62.0,0,5.13b,male
212,9883.0,66.0,0,5.13d,male
213,9937.0,53.0,1,5.12b,female
214,10011.0,38.0,1,5.10b,female
215,10029.0,53.0,0,5.12b,male
216,10035.0,40.0,0,5.10c,male
217,10043.0,38.0,0,5.10b,male
218,10324.0,59.0,0,5.13a,male
219,10370.0,62.0,0,5.13b,male
220,10398.0,62.0,1,5.13b,female
221,10420.0,57.0,0,5.12d,male
222,10441.0,68.0,0,5.14a,male
223,10488.0,13.0,0,5.3,male
224,10537.0,55.0,0,5.12c,male
225,10633.0,62.0,0,5.13b,male
226,10682.0,36.0,0,5.10a,male
227,10685.0,53.0,0,5.12b,male
228,10699.0,55.0,0,5.12c,male
229,10810.0,68.0,1,5.14a,female
230,10827.0,62.0,0,5.13b,male
231,10920.0,51.0,0,5.12a,male
232,10993.0,57.0,0,5.12d,male
233,10998.0,64.0,0,5.13c,male
234,11013.0,64.0,0,5.13c,male
235,11014.0,70.0,0,5.14b,male
236,11065.0,68.0,0,5.14a,male
237,11104.0,70.0,0,5.14b,male
238,11177.0,62.0,0,5.13b,male
239,11192.0,49.0,0,5.11d,male
240,11196.0,46.0,0,5.11b,male
241,11199.0,68.0,0,5.14a,male
242,11236.0,49.0,0,5.11d,male
243,11264.0,59.0,0,5.13a,male
244,11328.0,44.0,0,5.11a,male
245,11342.0,64.0,0,5.13c,male
246,11363.0,72.0,0,5.14c,male
247,11375.0,57.0,0,5.12d,male
248,11415.0,68.0,0,5.14a,male
249,11452.0,59.0,0,5.13a,male
250,11464.0,59.0,0,5.13a,male
251,11505.0,51.0,0,5.12a,male
252,11583.0,36.0,1,5.10a,female
253,11597.0,46.0,0,5.11b,male
254,11639.0,51.0,1,5.12a,female
255,11666.0,59.0,0,5.13a,male
256,11703.0,64.0,0,5.13c,male
257,11783.0,51.0,0,5.12a,male
258,11812.0,68.0,0,5.14a,male
259,11833.0,36.0,0,5.10a,male
260,11847.0,44.0,0,5.11a,male
261,12012.0,53.0,0,5.12b,male
262,12015.0,62.0,0,5.13b,male
263,12021.0,46.0,0,5.11b,male
264,12036.0,36.0,1,5.10a,female
265,12093.0,51.0,0,5.12a,male
266,12179.0,51.0,0,5.12a,male
267,12270.0,55.0,0,5.12c,male
268,12377.0,68.0,0,5.14a,male
269,12419.0,44.0,0,5.11a,male
270,12457.0,68.0,0,5.14a,male
271,12461.0,53.0,0,5.12b,male
272,12486.0,57.0,0,5.12d,male
273,12499.0,57.0,0,5.12d,male
274,12513.0,55.0,0,5.12c,male
275,12527.0,51.0,0,5.12a,male
276,12586.0,62.0,0,5.13b,male
277,12650.0,46.0,0,5.11b,male
278,12702.0,51.0,0,5.12a,male
279,12827.0,46.0,0,5.11b,male
280,12831.0,64.0,0,5.13c,male
281,12842.0,55.0,0,5.12c,male
282,12870.0,66.0,0,5.13d,male
283,12923.0,59.0,0,5.13a,male
284,12943.0,62.0,0,5.13b,male
285,12993.0,68.0,0,5.14a,male
286,13177.0,59.0,1,5.13a,female
287,13232.0,44.0,0,5.11a,male
288,13264.0,64.0,0,5.13c,male
289,13299.0,38.0,0,5.10b,male
290,13300.0,68.0,0,5.14a,male
291,13332.0,49.0,0,5.11d,male
292,13361.0,46.0,0,5.11b,male
293,13458.0,51.0,0,5.12a,male
294,13481.0,49.0,0,5.11d,male
295,13500.0,59.0,1,5.13a,female
296,13516.0,44.0,0,5.11a,male
297,13523.0,44.0,0,5.11a,male
298,13569.0,51.0,0,5.12a,male
299,13583.0,62.0,1,5.13b,female
300,13647.0,51.0,0,5.12a,male
301,13796.0,59.0,0,5.13a,male
302,13829.0,40.0,0,5.10c,male
303,13844.0,55.0,0,5.12c,male
304,13853.0,44.0,0,5.11a,male
305,13893.0,64.0,1,5.13c,female
306,13916.0,49.0,0,5.11d,male
307,13933.0,46.0,0,5.11b,male
308,13934.0,53.0,0,5.12b,male
309,13969.0,46.0,0,5.11b,male
310,14004.0,59.0,0,5.13a,male
311,14028.0,70.0,0,5.14b,male
312,14063.0,59.0,0,5.13a,male
313,14136.0,62.0,0,5.13b,male
314,14202.0,51.0,0,5.12a,male
315,14303.0,46.0,0,5.11b,male
316,14365.0,62.0,0,5.13b,male
317,14396.0,53.0,0,5.12b,male
318,14597.0,70.0,0,5.14b,male
319,14633.0,64.0,0,5.13c,male
320,14741.0,59.0,0,5.13a,male
321,14767.0,51.0,0,5.12a,male
322,14775.0,57.0,0,5.12d,male
323,14844.0,66.0,1,5.13d,female
324,14879.0,57.0,0,5.12d,male
325,14892.0,68.0,0,5.14a,male
326,14924.0,59.0,0,5.13a,male
327,15026.0,36.0,1,5.10a,female
328,15120.0,66.0,0,5.13d,male
329,15158.0,51.0,0,5.12a,male
330,15283.0,55.0,0,5.12c,male
331,15370.0,51.0,0,5.12a,male
332,15406.0,38.0,1,5.10b,female
333,15570.0,46.0,1,5.11b,female
334,15600.0,46.0,0,5.11b,male
335,15643.0,42.0,0,5.10d,male
336,15747.0,33.0,0,5.9,male
337,15753.0,72.0,0,5.14c,male
338,15770.0,55.0,1,5.12c,female
339,15823.0,62.0,0,5.13b,male
340,15966.0,53.0,0,5.12b,male
341,15999.0,64.0,0,5.13c,male
342,16017.0,53.0,0,5.12b,male
343,16018.0,36.0,0,5.10a,male
344,16033.0,62.0,0,5.13b,male
345,16040.0,55.0,0,5.12c,male
346,16085.0,62.0,0,5.13b,male
347,16100.0,51.0,0,5.12a,male
348,16161.0,36.0,0,5.10a,male
349,16182.0,51.0,0,5.12a,male
350,16339.0,53.0,1,5.12b,female
351,16342.0,68.0,0,5.14a,male
352,16363.0,66.0,0,5.13d,male
353,16397.0,44.0,0,5.11a,male
354,16476.0,46.0,0,5.11b,male
355,16483.0,66.0,1,5.13d,female
356,16629.0,53.0,1,5.12b,female
357,16648.0,59.0,0,5.13a,male
358,16682.0,62.0,0,5.13b,male
359,16711.0,38.0,0,5.10b,male
360,16828.0,53.0,0,5.12b,male
361,16833.0,64.0,1,5.13c,female
362,16838.0,40.0,0,5.10c,male
363,16855.0,72.0,0,5.14c,male
364,16874.0,44.0,0,5.11a,male
365,16913.0,64.0,0,5.13c,male
366,16972.0,68.0,0,5.14a,male
367,16987.0,66.0,0,5.13d,male
368,16999.0,59.0,0,5.13a,male
369,17027.0,64.0,1,5.13c,female
370,17032.0,46.0,0,5.11b,male
371,17038.0,55.0,0,5.12c,male
372,17131.0,40.0,0,5.10c,male
373,17147.0,59.0,0,5.13a,male
374,17190.0,53.0,1,5.12b,female
375,17231.0,68.0,0,5.14a,male
376,17341.0,55.0,0,5.12c,male
377,17349.0,53.0,0,5.12b,male
378,17358.0,70.0,0,5.14b,male
379,17396.0,53.0,0,5.12b,male
380,17417.0,64.0,0,5.13c,male
381,17465.0,36.0,1,5.10a,female
382,17519.0,46.0,0,5.11b,male
383,17552.0,51.0,0,5.12a,male
384,17586.0,57.0,0,5.12d,male
385,17595.0,36.0,0,5.10a,male
386,17607.0,53.0,0,5.12b,male
387,17697.0,55.0,0,5.12c,male
388,17722.0,62.0,0,5.13b,male
389,17799.0,66.0,0,5.13d,male
390,17809.0,46.0,0,5.11b,male
391,17823.0,53.0,0,5.12b,male
392,17929.0,36.0,0,5.10a,male
393,18028.0,55.0,0,5.12c,male
394,18030.0,38.0,0,5.10b,male
395,18065.0,64.0,0,5.13c,male
396,18072.0,40.0,0,5.10c,male
397,18139.0,62.0,0,5.13b,male
398,18271.0,66.0,1,5.13d,female
399,18307.0,40.0,1,5.10c,female
400,18337.0,62.0,0,5.13b,male
401,18385.0,59.0,0,5.13a,male
402,18405.0,57.0,0,5.12d,male
403,18422.0,49.0,0,5.11d,male
404,18445.0,55.0,0,5.12c,male
405,18453.0,55.0,0,5.12c,male
406,18486.0,59.0,0,5.13a,male
407,18537.0,64.0,0,5.13c,male
408,18593.0,53.0,0,5.12b,male
409,18702.0,64.0,0,5.13c,male
410,18732.0,46.0,0,5.11b,male
411,18743.0,62.0,1,5.13b,female
412,18785.0,70.0,0,5.14b,male
413,18913.0,51.0,0,5.12a,male
414,18963.0,64.0,0,5.13c,male
415,18965.0,68.0,0,5.14a,male
416,19022.0,68.0,0,5.14a,male
417,19092.0,57.0,0,5.12d,male
418,19166.0,62.0,0,5.13b,male
419,19183.0,64.0,0,5.13c,male
420,19184.0,55.0,0,5.12c,male
421,19193.0,40.0,0,5.10c,male
422,19198.0,49.0,0,5.11d,male
423,19199.0,51.0,0,5.12a,male
424,19264.0,44.0,0,5.11a,male
425,19266.0,51.0,0,5.12a,male
426,19332.0,62.0,0,5.13b,male
427,19338.0,51.0,0,5.12a,male
428,19370.0,46.0,0,5.11b,male
429,19376.0,57.0,0,5.12d,male
430,19432.0,66.0,0,5.13d,male
431,19448.0,66.0,0,5.13d,male
432,19473.0,55.0,0,5.12c,male
433,19479.0,33.0,0,5.9,male
434,19484.0,51.0,0,5.12a,male
435,19641.0,62.0,0,5.13b,male
436,19679.0,49.0,0,5.11d,male
437,19712.0,64.0,0,5.13c,male
438,19722.0,62.0,0,5.13b,male
439,19808.0,62.0,0,5.13b,male
440,19886.0,70.0,0,5.14b,male
441,19927.0,70.0,0,5.14b,male
442,19942.0,49.0,0,5.11d,male
443,19958.0,68.0,0,5.14a,male
444,20011.0,64.0,0,5.13c,male
445,20069.0,55.0,0,5.12c,male
446,20101.0,59.0,0,5.13a,male
447,20111.0,53.0,1,5.12b,female
448,20180.0,44.0,0,5.11a,male
449,20204.0,64.0,0,5.13c,male
450,20210.0,68.0,0,5.14a,male
451,20215.0,51.0,0,5.12a,male
452,20240.0,40.0,0,5.10c,male
453,20333.0,64.0,0,5.13c,male
454,20367.0,51.0,0,5.12a,male
455,20397.0,44.0,0,5.11a,male
456,20416.0,70.0,0,5.14b,male
457,20421.0,53.0,0,5.12b,male
458,20430.0,13.0,0,5.3,male
459,20432.0,70.0,0,5.14b,male
460,20537.0,53.0,0,5.12b,male
461,20641.0,33.0,0,5.9,male
462,20688.0,59.0,0,5.13a,male
463,20705.0,59.0,0,5.13a,male
464,20730.0,53.0,0,5.12b,male
465,20748.0,59.0,0,5.13a,male
466,20789.0,66.0,0,5.13d,male
467,20832.0,59.0,0,5.13a,male
468,20845.0,38.0,0,5.10b,male
469,20951.0,36.0,0,5.10a,male
470,20975.0,31.0,0,5.8,male
471,21022.0,59.0,0,5.13a,male
472,21046.0,64.0,0,5.13c,male
473,21099.0,36.0,0,5.10a,male
474,21103.0,57.0,0,5.12d,male
475,21175.0,49.0,1,5.11d,female
476,21195.0,64.0,1,5.13c,female
477,21206.0,57.0,0,5.12d,male
478,21223.0,51.0,0,5.12a,male
479,21259.0,55.0,1,5.12c,female
480,21351.0,51.0,0,5.12a,male
481,21421.0,59.0,0,5.13a,male
482,21439.0,51.0,0,5.12a,male
483,21502.0,55.0,1,5.12c,female
484,21590.0,62.0,0,5.13b,male
485,21662.0,49.0,0,5.11d,male
486,21674.0,59.0,0,5.13a,male
487,21698.0,31.0,0,5.8,male
488,21719.0,51.0,0,5.12a,male
489,21720.0,55.0,0,5.12c,male
490,21752.0,46.0,1,5.11b,female
491,21772.0,64.0,0,5.13c,male
492,21845.0,68.0,0,5.14a,male
493,21862.0,38.0,0,5.10b,male
494,21888.0,46.0,0,5.11b,male
495,21938.0,59.0,0,5.13a,male
496,21961.0,62.0,0,5.13b,male
497,22017.0,55.0,1,5.12c,female
498,22026.0,57.0,0,5.12d,male
499,22027.0,55.0,1,5.12c,female
500,22044.0,51.0,0,5.12a,male
501,22100.0,64.0,0,5.13c,male
502,22105.0,66.0,0,5.13d,male
503,22113.0,53.0,0,5.12b,male
504,22174.0,53.0,0,5.12b,male
505,22198.0,51.0,0,5.12a,male
506,22201.0,40.0,0,5.10c,male
507,22202.0,59.0,0,5.13a,male
508,22227.0,46.0,0,5.11b,male
509,22257.0,33.0,0,5.9,male
510,22275.0,62.0,0,5.13b,male
511,22313.0,55.0,0,5.12c,male
512,22323.0,31.0,0,5.8,male
513,22351.0,59.0,0,5.13a,male
514,22352.0,36.0,0,5.10a,male
515,22364.0,40.0,0,5.10c,male
516,22400.0,62.0,0,5.13b,male
517,22420.0,46.0,0,5.11b,male
518,22463.0,44.0,1,5.11a,female
519,22471.0,53.0,0,5.12b,male
520,22509.0,42.0,0,5.10d,male
521,22555.0,59.0,0,5.13a,male
522,22558.0,51.0,0,5.12a,male
523,22583.0,36.0,0,5.10a,male
524,22599.0,55.0,1,5.12c,female
525,22619.0,64.0,0,5.13c,male
526,22628.0,59.0,1,5.13a,female
527,22637.0,46.0,0,5.11b,male
528,22675.0,62.0,0,5.13b,male
529,22678.0,59.0,0,5.13a,male
530,22698.0,46.0,0,5.11b,male
531,22831.0,33.0,1,5.9,female
532,22868.0,44.0,0,5.11a,male
533,23111.0,44.0,0,5.11a,male
534,23112.0,38.0,0,5.10b,male
535,23142.0,46.0,0,5.11b,male
536,23153.0,59.0,0,5.13a,male
537,23187.0,51.0,1,5.12a,female
538,23195.0,57.0,0,5.12d,male
539,23212.0,51.0,0,5.12a,male
540,23272.0,49.0,0,5.11d,male
541,23343.0,59.0,0,5.13a,male
542,23351.0,38.0,1,5.10b,female
543,23371.0,70.0,0,5.14b,male
544,23405.0,40.0,1,5.10c,female
545,23471.0,36.0,0,5.10a,male
546,23487.0,64.0,0,5.13c,male
547,23490.0,59.0,0,5.13a,male
548,23571.0,55.0,0,5.12c,male
549,23581.0,53.0,0,5.12b,male
550,23590.0,55.0,0,5.12c,male
551,23658.0,42.0,0,5.10d,male
552,23659.0,55.0,0,5.12c,male
553,23684.0,46.0,0,5.11b,male
554,23689.0,46.0,0,5.11b,male
555,23740.0,66.0,1,5.13d,female
556,23741.0,46.0,0,5.11b,male
557,23747.0,62.0,0,5.13b,male
558,23784.0,51.0,0,5.12a,male
559,23789.0,51.0,0,5.12a,male
560,23835.0,66.0,0,5.13d,male
561,23837.0,53.0,0,5.12b,male
562,23849.0,51.0,0,5.12a,male
563,23903.0,68.0,0,5.14a,male
564,23907.0,53.0,0,5.12b,male
565,23953.0,46.0,1,5.11b,female
566,23985.0,55.0,0,5.12c,male
567,24007.0,57.0,0,5.12d,male
568,24046.0,57.0,1,5.12d,female
569,24086.0,59.0,0,5.13a,male
570,24095.0,59.0,0,5.13a,male
571,24106.0,59.0,0,5.13a,male
572,24115.0,62.0,0,5.13b,male
573,24130.0,53.0,0,5.12b,male
574,24147.0,64.0,0,5.13c,male
575,24166.0,55.0,0,5.12c,male
576,24194.0,55.0,0,5.12c,male
577,24234.0,70.0,1,5.14b,female
578,24235.0,51.0,1,5.12a,female
579,24307.0,49.0,0,5.11d,male
580,24318.0,68.0,0,5.14a,male
581,24334.0,57.0,0,5.12d,male
582,24362.0,33.0,0,5.9,male
583,24363.0,51.0,0,5.12a,male
584,24370.0,57.0,1,5.12d,female
585,24377.0,68.0,0,5.14a,male
586,24384.0,51.0,0,5.12a,male
587,24468.0,31.0,0,5.8,male
588,24611.0,59.0,0,5.13a,male
589,24618.0,55.0,0,5.12c,male
590,24697.0,29.0,1,5.7,female
591,24746.0,46.0,0,5.11b,male
592,24763.0,53.0,0,5.12b,male
593,24854.0,59.0,1,5.13a,female
594,24872.0,62.0,1,5.13b,female
595,24875.0,53.0,0,5.12b,male
596,24876.0,51.0,0,5.12a,male
597,24886.0,40.0,1,5.10c,female
598,24893.0,62.0,0,5.13b,male
599,24899.0,40.0,0,5.10c,male
600,24902.0,33.0,0,5.9,male
601,24908.0,66.0,0,5.13d,male
602,24910.0,53.0,0,5.12b,male
603,24927.0,62.0,1,5.13b,female
604,24954.0,40.0,0,5.10c,male
605,25014.0,36.0,1,5.10a,female
606,25240.0,44.0,0,5.11a,male
607,25264.0,51.0,0,5.12a,male
608,25343.0,51.0,0,5.12a,male
609,25344.0,64.0,0,5.13c,male
610,25373.0,33.0,0,5.9,male
611,25493.0,42.0,0,5.10d,male
612,25543.0,29.0,0,5.7,male
613,25605.0,53.0,0,5.12b,male
614,25640.0,46.0,1,5.11b,female
615,25641.0,59.0,0,5.13a,male
616,25709.0,51.0,0,5.12a,male
617,25717.0,49.0,0,5.11d,male
618,25771.0,53.0,0,5.12b,male
619,25783.0,59.0,0,5.13a,male
620,25792.0,59.0,0,5.13a,male
621,25825.0,64.0,0,5.13c,male
622,25827.0,62.0,0,5.13b,male
623,25908.0,51.0,0,5.12a,male
624,25976.0,51.0,0,5.12a,male
625,25998.0,49.0,1,5.11d,female
626,26011.0,53.0,0,5.12b,male
627,26026.0,55.0,0,5.12c,male
628,26031.0,59.0,0,5.13a,male
629,26054.0,44.0,0,5.11a,male
630,26078.0,38.0,0,5.10b,male
631,26088.0,44.0,0,5.11a,male
632,26089.0,44.0,0,5.11a,male
633,26308.0,53.0,0,5.12b,male
634,26369.0,53.0,0,5.12b,male
635,26480.0,38.0,0,5.10b,male
636,26543.0,44.0,0,5.11a,male
637,26597.0,55.0,0,5.12c,male
638,26663.0,62.0,0,5.13b,male
639,26677.0,70.0,0,5.14b,male
640,26719.0,62.0,0,5.13b,male
641,26929.0,44.0,0,5.11a,male
642,26964.0,33.0,0,5.9,male
643,26983.0,62.0,0,5.13b,male
644,27017.0,44.0,0,5.11a,male
645,27066.0,36.0,0,5.10a,male
646,27070.0,51.0,0,5.12a,male
647,27216.0,38.0,0,5.10b,male
648,27230.0,46.0,0,5.11b,male
649,27234.0,62.0,0,5.13b,male
650,27263.0,33.0,0,5.9,male
651,27266.0,68.0,0,5.14a,male
652,27283.0,44.0,0,5.11a,male
653,27327.0,62.0,0,5.13b,male
654,27367.0,62.0,0,5.13b,male
655,27387.0,46.0,0,5.11b,male
656,27434.0,62.0,0,5.13b,male
657,27504.0,51.0,0,5.12a,male
658,27512.0,59.0,0,5.13a,male
659,27532.0,57.0,0,5.12d,male
660,27534.0,53.0,0,5.12b,male
661,27553.0,72.0,0,5.14c,male
662,27584.0,66.0,0,5.13d,male
663,27592.0,68.0,0,5.14a,male
664,27607.0,70.0,1,5.14b,female
665,27615.0,38.0,0,5.10b,male
666,27820.0,59.0,0,5.13a,male
667,27832.0,55.0,0,5.12c,male
668,27867.0,62.0,0,5.13b,male
669,27884.0,57.0,0,5.12d,male
670,27894.0,33.0,0,5.9,male
671,27895.0,55.0,1,5.12c,female
672,27897.0,72.0,0,5.14c,male
673,27927.0,51.0,0,5.12a,male
674,27979.0,51.0,0,5.12a,male
675,28051.0,59.0,0,5.13a,male
676,28072.0,62.0,0,5.13b,male
677,28102.0,36.0,1,5.10a,female
678,28152.0,72.0,0,5.14c,male
679,28311.0,66.0,0,5.13d,male
680,28367.0,36.0,0,5.10a,male
681,28398.0,33.0,0,5.9,male
682,28452.0,53.0,0,5.12b,male
683,28476.0,62.0,0,5.13b,male
684,28478.0,59.0,0,5.13a,male
685,28606.0,51.0,0,5.12a,male
686,28772.0,44.0,0,5.11a,male
687,28819.0,49.0,0,5.11d,male
688,28851.0,59.0,0,5.13a,male
689,28914.0,64.0,0,5.13c,male
690,28932.0,51.0,0,5.12a,male
691,28942.0,46.0,0,5.11b,male
692,28975.0,44.0,0,5.11a,male
693,29046.0,59.0,0,5.13a,male
694,29082.0,57.0,0,5.12d,male
695,29169.0,64.0,0,5.13c,male
696,29172.0,57.0,0,5.12d,male
697,29188.0,36.0,1,5.10a,female
698,29248.0,49.0,0,5.11d,male
699,29265.0,66.0,0,5.13d,male
700,29275.0,72.0,0,5.14c,male
701,29285.0,36.0,1,5.10a,female
702,29371.0,62.0,1,5.13b,female
703,29372.0,33.0,0,5.9,male
704,29392.0,59.0,1,5.13a,female
705,29394.0,49.0,0,5.11d,male
706,29409.0,57.0,0,5.12d,male
707,29490.0,59.0,0,5.13a,male
708,29811.0,59.0,0,5.13a,male
709,29844.0,62.0,0,5.13b,male
710,29859.0,44.0,0,5.11a,male
711,29890.0,51.0,0,5.12a,male
712,29916.0,62.0,0,5.13b,male
713,29975.0,55.0,1,5.12c,female
714,29985.0,64.0,0,5.13c,male
715,29995.0,46.0,0,5.11b,male
716,29999.0,51.0,1,5.12a,female
717,30003.0,36.0,0,5.10a,male
718,30034.0,42.0,0,5.10d,male
719,30055.0,36.0,0,5.10a,male
720,30152.0,62.0,0,5.13b,male
721,30196.0,57.0,0,5.12d,male
722,30204.0,40.0,0,5.10c,male
723,30218.0,64.0,0,5.13c,male
724,30272.0,46.0,0,5.11b,male
725,30289.0,53.0,1,5.12b,female
726,30372.0,38.0,0,5.10b,male
727,30398.0,42.0,0,5.10d,male
728,30441.0,55.0,0,5.12c,male
729,30457.0,55.0,0,5.12c,male
730,30460.0,51.0,0,5.12a,male
731,30478.0,44.0,0,5.11a,male
732,30509.0,53.0,0,5.12b,male
733,30552.0,36.0,0,5.10a,male
734,30566.0,64.0,0,5.13c,male
735,30583.0,31.0,0,5.8,male
736,30653.0,53.0,0,5.12b,male
737,30679.0,59.0,0,5.13a,male
738,30693.0,55.0,0,5.12c,male
739,30707.0,59.0,0,5.13a,male
740,30710.0,55.0,0,5.12c,male
741,30728.0,66.0,0,5.13d,male
742,30758.0,59.0,0,5.13a,male
743,30803.0,55.0,0,5.12c,male
744,30835.0,59.0,0,5.13a,male
745,30860.0,59.0,0,5.13a,male
746,30869.0,40.0,0,5.10c,male
747,30873.0,68.0,0,5.14a,male
748,30960.0,44.0,0,5.11a,male
749,31039.0,36.0,0,5.10a,male
750,31072.0,51.0,0,5.12a,male
751,31077.0,53.0,0,5.12b,male
752,31133.0,59.0,0,5.13a,male
753,31145.0,59.0,0,5.13a,male
754,31148.0,66.0,0,5.13d,male
755,31149.0,70.0,0,5.14b,male
756,31157.0,59.0,0,5.13a,male
757,31164.0,38.0,0,5.10b,male
758,31238.0,36.0,0,5.10a,male
759,31433.0,33.0,0,5.9,male
760,31451.0,62.0,0,5.13b,male
761,31503.0,40.0,0,5.10c,male
762,31514.0,64.0,1,5.13c,female
763,31520.0,53.0,0,5.12b,male
764,31590.0,49.0,0,5.11d,male
765,31598.0,46.0,0,5.11b,male
766,31624.0,29.0,0,5.7,male
767,31821.0,64.0,0,5.13c,male
768,31848.0,51.0,0,5.12a,male
769,31888.0,40.0,0,5.10c,male
770,31891.0,57.0,0,5.12d,male
771,31961.0,57.0,0,5.12d,male
772,31979.0,62.0,0,5.13b,male
773,31994.0,68.0,0,5.14a,male
774,32146.0,62.0,0,5.13b,male
775,32202.0,59.0,0,5.13a,male
776,32370.0,51.0,0,5.12a,male
777,32481.0,44.0,1,5.11a,female
778,32520.0,46.0,0,5.11b,male
779,32532.0,46.0,0,5.11b,male
780,32540.0,70.0,1,5.14b,female
781,32546.0,51.0,0,5.12a,male
782,32615.0,46.0,0,5.11b,male
783,32618.0,55.0,0,5.12c,male
784,32807.0,64.0,1,5.13c,female
785,32812.0,55.0,1,5.12c,female
786,32822.0,40.0,0,5.10c,male
787,32885.0,64.0,0,5.13c,male
788,32943.0,66.0,1,5.13d,female
789,32978.0,53.0,0,5.12b,male
790,33018.0,51.0,0,5.12a,male
791,33026.0,46.0,0,5.11b,male
792,33039.0,59.0,0,5.13a,male
793,33043.0,46.0,0,5.11b,male
794,33064.0,64.0,0,5.13c,male
795,33146.0,59.0,1,5.13a,female
796,33160.0,68.0,0,5.14a,male
797,33164.0,40.0,0,5.10c,male
798,33207.0,36.0,0,5.10a,male
799,33210.0,51.0,0,5.12a,male
800,33246.0,33.0,1,5.9,female
801,33273.0,70.0,0,5.14b,male
802,33278.0,53.0,0,5.12b,male
803,33408.0,55.0,0,5.12c,male
804,33428.0,51.0,0,5.12a,male
805,33481.0,53.0,1,5.12b,female
806,33482.0,68.0,0,5.14a,male
807,33484.0,55.0,0,5.12c,male
808,33525.0,51.0,0,5.12a,male
809,33634.0,42.0,0,5.10d,male
810,33663.0,51.0,0,5.12a,male
811,33704.0,51.0,1,5.12a,female
812,33789.0,62.0,0,5.13b,male
813,33857.0,59.0,1,5.13a,female
814,33962.0,36.0,1,5.10a,female
815,33964.0,33.0,0,5.9,male
816,33965.0,62.0,1,5.13b,female
817,33988.0,51.0,0,5.12a,male
818,33993.0,53.0,0,5.12b,male
819,33996.0,53.0,0,5.12b,male
820,34025.0,62.0,0,5.13b,male
821,34034.0,64.0,0,5.13c,male
822,34050.0,51.0,0,5.12a,male
823,34078.0,62.0,1,5.13b,female
824,34124.0,40.0,0,5.10c,male
825,34143.0,46.0,0,5.11b,male
826,34150.0,42.0,0,5.10d,male
827,34152.0,59.0,0,5.13a,male
828,34162.0,59.0,0,5.13a,male
829,34182.0,53.0,0,5.12b,male
830,34223.0,40.0,1,5.10c,female
831,34242.0,40.0,0,5.10c,male
832,34249.0,51.0,0,5.12a,male
833,34339.0,51.0,1,5.12a,female
834,34344.0,62.0,0,5.13b,male
835,34346.0,53.0,0,5.12b,male
836,34418.0,64.0,0,5.13c,male
837,34436.0,62.0,1,5.13b,female
838,34437.0,44.0,0,5.11a,male
839,34479.0,51.0,0,5.12a,male
840,34485.0,46.0,1,5.11b,female
841,34502.0,40.0,0,5.10c,male
842,34504.0,13.0,0,5.3,male
843,34510.0,46.0,0,5.11b,male
844,34621.0,75.0,1,5.14d,female
845,34706.0,49.0,0,5.11d,male
846,34785.0,68.0,0,5.14a,male
847,34845.0,40.0,0,5.10c,male
848,34923.0,62.0,0,5.13b,male
849,34959.0,44.0,0,5.11a,male
850,34998.0,62.0,0,5.13b,male
851,35057.0,55.0,0,5.12c,male
852,35058.0,53.0,0,5.12b,male
853,35110.0,49.0,0,5.11d,male
854,35143.0,62.0,0,5.13b,male
855,35152.0,55.0,0,5.12c,male
856,35159.0,59.0,0,5.13a,male
857,35202.0,13.0,0,5.3,male
858,35237.0,64.0,0,5.13c,male
859,35276.0,68.0,0,5.14a,male
860,35314.0,57.0,0,5.12d,male
861,35397.0,51.0,1,5.12a,female
862,35406.0,59.0,0,5.13a,male
863,35424.0,55.0,0,5.12c,male
864,35452.0,40.0,0,5.10c,male
865,35462.0,62.0,0,5.13b,male
866,35514.0,40.0,0,5.10c,male
867,35520.0,46.0,0,5.11b,male
868,35526.0,53.0,0,5.12b,male
869,35531.0,62.0,0,5.13b,male
870,35537.0,62.0,0,5.13b,male
871,35608.0,44.0,1,5.11a,female
872,35685.0,46.0,0,5.11b,male
873,35695.0,51.0,0,5.12a,male
874,35715.0,49.0,1,5.11d,female
875,35728.0,44.0,0,5.11a,male
876,35770.0,59.0,0,5.13a,male
877,35823.0,51.0,0,5.12a,male
878,35869.0,68.0,0,5.14a,male
879,35910.0,70.0,0,5.14b,male
880,35921.0,51.0,0,5.12a,male
881,35951.0,31.0,0,5.8,male
882,35997.0,40.0,0,5.10c,male
883,36094.0,51.0,0,5.12a,male
884,36096.0,36.0,0,5.10a,male
885,36275.0,59.0,0,5.13a,male
886,36297.0,64.0,0,5.13c,male
887,36314.0,38.0,0,5.10b,male
888,36487.0,62.0,0,5.13b,male
889,36527.0,46.0,0,5.11b,male
890,36549.0,51.0,0,5.12a,male
891,36600.0,62.0,0,5.13b,male
892,36617.0,51.0,0,5.12a,male
893,36724.0,33.0,0,5.9,male
894,36729.0,53.0,0,5.12b,male
895,36878.0,55.0,0,5.12c,male
896,36918.0,55.0,0,5.12c,male
897,37043.0,62.0,0,5.13b,male
898,37058.0,51.0,0,5.12a,male
899,37107.0,46.0,0,5.11b,male
900,37108.0,53.0,0,5.12b,male
901,37179.0,70.0,0,5.14b,male
902,37189.0,64.0,0,5.13c,male
903,37214.0,68.0,0,5.14a,male
904,37259.0,55.0,0,5.12c,male
905,37365.0,59.0,0,5.13a,male
906,37366.0,44.0,0,5.11a,male
907,37377.0,44.0,0,5.11a,male
908,37441.0,46.0,0,5.11b,male
909,37457.0,55.0,0,5.12c,male
910,37462.0,62.0,0,5.13b,male
911,37512.0,53.0,0,5.12b,male
912,37600.0,62.0,0,5.13b,male
913,37626.0,53.0,1,5.12b,female
914,37760.0,40.0,0,5.10c,male
915,37854.0,62.0,0,5.13b,male
916,37855.0,33.0,0,5.9,male
917,37885.0,62.0,0,5.13b,male
918,38007.0,62.0,0,5.13b,male
919,38023.0,70.0,0,5.14b,male
920,38042.0,72.0,0,5.14c,male
921,38099.0,70.0,0,5.14b,male
922,38177.0,49.0,0,5.11d,male
923,38211.0,51.0,0,5.12a,male
924,38221.0,51.0,0,5.12a,male
925,38232.0,66.0,0,5.13d,male
926,38315.0,46.0,0,5.11b,male
927,38316.0,57.0,0,5.12d,male
928,38357.0,53.0,0,5.12b,male
929,38395.0,75.0,0,5.14d,male
930,38575.0,44.0,0,5.11a,male
931,38586.0,46.0,0,5.11b,male
932,38600.0,46.0,0,5.11b,male
933,38763.0,55.0,0,5.12c,male
934,38786.0,44.0,1,5.11a,female
935,38953.0,66.0,0,5.13d,male
936,38961.0,51.0,0,5.12a,male
937,38981.0,55.0,1,5.12c,female
938,38982.0,55.0,1,5.12c,female
939,38983.0,59.0,0,5.13a,male
940,38985.0,55.0,0,5.12c,male
941,39007.0,36.0,0,5.10a,male
942,39050.0,59.0,0,5.13a,male
943,39057.0,57.0,0,5.12d,male
944,39066.0,46.0,0,5.11b,male
945,39133.0,40.0,1,5.10c,female
946,39134.0,46.0,0,5.11b,male
947,39146.0,53.0,1,5.12b,female
948,39162.0,53.0,0,5.12b,male
949,39165.0,57.0,0,5.12d,male
950,39184.0,53.0,0,5.12b,male
951,39241.0,66.0,0,5.13d,male
952,39289.0,49.0,0,5.11d,male
953,39447.0,36.0,0,5.10a,male
954,39534.0,64.0,0,5.13c,male
955,39581.0,64.0,0,5.13c,male
956,39588.0,36.0,0,5.10a,male
957,39678.0,46.0,0,5.11b,male
958,39802.0,57.0,0,5.12d,male
959,40008.0,51.0,0,5.12a,male
960,40093.0,29.0,1,5.7,female
961,40110.0,62.0,0,5.13b,male
962,40224.0,55.0,0,5.12c,male
963,40250.0,68.0,0,5.14a,male
964,40312.0,68.0,0,5.14a,male
965,40421.0,33.0,0,5.9,male
966,40449.0,51.0,0,5.12a,male
967,40494.0,68.0,0,5.14a,male
968,40521.0,49.0,0,5.11d,male
969,40567.0,66.0,0,5.13d,male
970,40576.0,44.0,1,5.11a,female
971,40611.0,40.0,0,5.10c,male
972,40706.0,51.0,0,5.12a,male
973,40752.0,53.0,0,5.12b,male
974,40771.0,51.0,0,5.12a,male
975,40789.0,59.0,1,5.13a,female
976,40969.0,62.0,0,5.13b,male
977,41034.0,49.0,0,5.11d,male
978,41089.0,42.0,0,5.10d,male
979,41220.0,55.0,1,5.12c,female
980,41256.0,46.0,0,5.11b,male
981,41273.0,55.0,1,5.12c,female
982,41277.0,49.0,0,5.11d,male
983,41382.0,38.0,0,5.10b,male
984,41397.0,55.0,0,5.12c,male
985,41502.0,55.0,0,5.12c,male
986,41518.0,59.0,0,5.13a,male
987,41536.0,51.0,0,5.12a,male
988,41599.0,55.0,0,5.12c,male
989,41633.0,57.0,1,5.12d,female
990,41647.0,66.0,0,5.13d,male
991,41648.0,70.0,0,5.14b,male
992,41660.0,46.0,0,5.11b,male
993,41675.0,53.0,0,5.12b,male
994,41771.0,55.0,0,5.12c,male
995,41797.0,46.0,0,5.11b,male
996,41836.0,59.0,0,5.13a,male
997,41889.0,51.0,1,5.12a,female
998,41963.0,46.0,0,5.11b,male
999,42109.0,46.0,0,5.11b,male
1000,42127.0,68.0,0,5.14a,male
1001,42237.0,31.0,1,5.8,female
1002,42266.0,40.0,0,5.10c,male
1003,42309.0,38.0,0,5.10b,male
1004,42364.0,62.0,0,5.13b,male
1005,42461.0,51.0,0,5.12a,male
1006,42526.0,33.0,0,5.9,male
1007,42548.0,59.0,0,5.13a,male
1008,42578.0,59.0,1,5.13a,female
1009,42661.0,36.0,0,5.10a,male
1010,42714.0,59.0,0,5.13a,male
1011,42740.0,38.0,0,5.10b,male
1012,42855.0,59.0,1,5.13a,female
1013,42881.0,62.0,0,5.13b,male
1014,43156.0,62.0,0,5.13b,male
1015,43170.0,59.0,0,5.13a,male
1016,43241.0,64.0,1,5.13c,female
1017,43265.0,53.0,0,5.12b,male
1018,43272.0,38.0,0,5.10b,male
1019,43450.0,51.0,1,5.12a,female
1020,43528.0,62.0,0,5.13b,male
1021,43567.0,51.0,0,5.12a,male
1022,43634.0,53.0,0,5.12b,male
1023,43643.0,53.0,0,5.12b,male
1024,43733.0,51.0,0,5.12a,male
1025,43740.0,38.0,0,5.10b,male
1026,44101.0,62.0,0,5.13b,male
1027,44115.0,49.0,0,5.11d,male
1028,44132.0,46.0,0,5.11b,male
1029,44142.0,33.0,0,5.9,male
1030,44190.0,55.0,0,5.12c,male
1031,44234.0,51.0,1,5.12a,female
1032,44277.0,51.0,0,5.12a,male
1033,44331.0,40.0,0,5.10c,male
1034,44437.0,46.0,0,5.11b,male
1035,44492.0,62.0,1,5.13b,female
1036,44611.0,55.0,0,5.12c,male
1037,44652.0,36.0,0,5.10a,male
1038,44804.0,44.0,0,5.11a,male
1039,44823.0,36.0,0,5.10a,male
1040,44836.0,59.0,0,5.13a,male
1041,44882.0,40.0,0,5.10c,male
1042,44921.0,59.0,0,5.13a,male
1043,45096.0,53.0,0,5.12b,male
1044,45122.0,53.0,0,5.12b,male
1045,45170.0,33.0,0,5.9,male
1046,45206.0,68.0,0,5.14a,male
1047,45234.0,62.0,0,5.13b,male
1048,45289.0,57.0,1,5.12d,female
1049,45335.0,40.0,0,5.10c,male
1050,45363.0,51.0,0,5.12a,male
1051,45486.0,51.0,0,5.12a,male
1052,45528.0,62.0,1,5.13b,female
1053,45531.0,44.0,0,5.11a,male
1054,45566.0,59.0,0,5.13a,male
1055,45711.0,42.0,0,5.10d,male
1056,45770.0,55.0,0,5.12c,male
1057,45909.0,46.0,0,5.11b,male
1058,45910.0,40.0,0,5.10c,male
1059,45954.0,55.0,0,5.12c,male
1060,45964.0,38.0,0,5.10b,male
1061,45973.0,36.0,1,5.10a,female
1062,46138.0,46.0,0,5.11b,male
1063,46209.0,57.0,0,5.12d,male
1064,46268.0,55.0,0,5.12c,male
1065,46269.0,59.0,1,5.13a,female
1066,46418.0,57.0,0,5.12d,male
1067,46419.0,59.0,0,5.13a,male
1068,46422.0,57.0,1,5.12d,female
1069,46507.0,57.0,0,5.12d,male
1070,46761.0,53.0,0,5.12b,male
1071,46813.0,55.0,1,5.12c,female
1072,46885.0,64.0,0,5.13c,male
1073,46933.0,59.0,0,5.13a,male
1074,46940.0,62.0,0,5.13b,male
1075,46959.0,68.0,0,5.14a,male
1076,46961.0,64.0,0,5.13c,male
1077,47111.0,53.0,0,5.12b,male
1078,47122.0,44.0,0,5.11a,male
1079,47137.0,38.0,0,5.10b,male
1080,47205.0,57.0,0,5.12d,male
1081,47224.0,51.0,0,5.12a,male
1082,47243.0,68.0,0,5.14a,male
1083,47259.0,29.0,0,5.7,male
1084,47276.0,55.0,0,5.12c,male
1085,47319.0,36.0,1,5.10a,female
1086,47459.0,62.0,1,5.13b,female
1087,47486.0,59.0,1,5.13a,female
1088,47495.0,62.0,0,5.13b,male
1089,47598.0,51.0,0,5.12a,male
1090,47619.0,38.0,1,5.10b,female
1091,47727.0,49.0,0,5.11d,male
1092,47729.0,44.0,0,5.11a,male
1093,47903.0,53.0,0,5.12b,male
1094,47960.0,57.0,0,5.12d,male
1095,48024.0,21.0,0,5.4,male
1096,48047.0,55.0,0,5.12c,male
1097,48232.0,64.0,0,5.13c,male
1098,48291.0,44.0,0,5.11a,male
1099,48370.0,62.0,0,5.13b,male
1100,48382.0,64.0,0,5.13c,male
1101,48412.0,64.0,1,5.13c,female
1102,48421.0,57.0,0,5.12d,male
1103,48437.0,59.0,0,5.13a,male
1104,48438.0,62.0,0,5.13b,male
1105,48498.0,59.0,0,5.13a,male
1106,48502.0,57.0,0,5.12d,male
1107,48557.0,62.0,0,5.13b,male
1108,48626.0,53.0,0,5.12b,male
1109,48665.0,64.0,0,5.13c,male
1110,48668.0,40.0,0,5.10c,male
1111,48716.0,57.0,0,5.12d,male
1112,48724.0,51.0,0,5.12a,male
1113,48746.0,33.0,0,5.9,male
1114,48850.0,53.0,0,5.12b,male
1115,49079.0,40.0,0,5.10c,male
1116,49102.0,49.0,0,5.11d,male
1117,49373.0,72.0,0,5.14c,male
1118,49785.0,70.0,0,5.14b,male
1119,49850.0,36.0,0,5.10a,male
1120,49954.0,62.0,0,5.13b,male
1121,49973.0,53.0,1,5.12b,female
1122,50010.0,59.0,1,5.13a,female
1123,50017.0,59.0,0,5.13a,male
1124,50373.0,64.0,0,5.13c,male
1125,50384.0,42.0,0,5.10d,male
1126,50394.0,49.0,0,5.11d,male
1127,50447.0,59.0,0,5.13a,male
1128,50456.0,44.0,0,5.11a,male
1129,50657.0,40.0,0,5.10c,male
1130,50801.0,64.0,0,5.13c,male
1131,50847.0,59.0,0,5.13a,male
1132,50968.0,44.0,0,5.11a,male
1133,51018.0,64.0,0,5.13c,male
1134,51042.0,70.0,0,5.14b,male
1135,51064.0,51.0,0,5.12a,male
1136,51148.0,49.0,0,5.11d,male
1137,51288.0,62.0,0,5.13b,male
1138,51301.0,59.0,1,5.13a,female
1139,51326.0,46.0,0,5.11b,male
1140,51348.0,40.0,0,5.10c,male
1141,51367.0,59.0,1,5.13a,female
1142,51425.0,62.0,0,5.13b,male
1143,51435.0,64.0,0,5.13c,male
1144,51478.0,51.0,0,5.12a,male
1145,51571.0,64.0,0,5.13c,male
1146,51608.0,46.0,0,5.11b,male
1147,51831.0,44.0,0,5.11a,male
1148,51844.0,68.0,0,5.14a,male
1149,51937.0,62.0,0,5.13b,male
1150,51944.0,31.0,0,5.8,male
1151,51973.0,40.0,0,5.10c,male
1152,52200.0,59.0,1,5.13a,female
1153,52224.0,51.0,1,5.12a,female
1154,52243.0,51.0,0,5.12a,male
1155,52352.0,46.0,0,5.11b,male
1156,52361.0,62.0,0,5.13b,male
1157,52378.0,38.0,0,5.10b,male
1158,52471.0,57.0,0,5.12d,male
1159,52575.0,51.0,1,5.12a,female
1160,52617.0,36.0,0,5.10a,male
1161,52711.0,62.0,0,5.13b,male
1162,52803.0,53.0,0,5.12b,male
1163,52886.0,59.0,0,5.13a,male
1164,52903.0,62.0,0,5.13b,male
1165,52908.0,57.0,0,5.12d,male
1166,53039.0,59.0,0,5.13a,male
1167,53046.0,49.0,1,5.11d,female
1168,53060.0,62.0,0,5.13b,male
1169,53138.0,59.0,0,5.13a,male
1170,53157.0,62.0,0,5.13b,male
1171,53215.0,53.0,0,5.12b,male
1172,53330.0,62.0,0,5.13b,male
1173,53419.0,49.0,1,5.11d,female
1174,53624.0,53.0,0,5.12b,male
1175,53704.0,53.0,0,5.12b,male
1176,53709.0,59.0,0,5.13a,male
1177,53730.0,44.0,1,5.11a,female
1178,53732.0,55.0,0,5.12c,male
1179,53736.0,42.0,0,5.10d,male
1180,53803.0,64.0,1,5.13c,female
1181,53941.0,33.0,0,5.9,male
1182,53952.0,62.0,0,5.13b,male
1183,54002.0,68.0,0,5.14a,male
1184,54130.0,53.0,1,5.12b,female
1185,54255.0,51.0,0,5.12a,male
1186,54267.0,62.0,0,5.13b,male
1187,54274.0,38.0,0,5.10b,male
1188,54361.0,55.0,0,5.12c,male
1189,54439.0,59.0,0,5.13a,male
1190,54453.0,38.0,0,5.10b,male
1191,54473.0,51.0,0,5.12a,male
1192,54509.0,53.0,0,5.12b,male
1193,54640.0,46.0,0,5.11b,male
1194,54696.0,64.0,0,5.13c,male
1195,54805.0,62.0,0,5.13b,male
1196,54832.0,42.0,0,5.10d,male
1197,54882.0,51.0,0,5.12a,male
1198,54995.0,51.0,0,5.12a,male
1199,55045.0,29.0,0,5.7,male
1200,55067.0,44.0,0,5.11a,male
1201,55102.0,46.0,0,5.11b,male
1202,55160.0,59.0,0,5.13a,male
1203,55227.0,53.0,1,5.12b,female
1204,55248.0,55.0,0,5.12c,male
1205,55319.0,38.0,0,5.10b,male
1206,55391.0,59.0,0,5.13a,male
1207,55499.0,40.0,0,5.10c,male
1208,55540.0,46.0,1,5.11b,female
1209,55662.0,57.0,0,5.12d,male
1210,55703.0,44.0,0,5.11a,male
1211,55789.0,33.0,0,5.9,male
1212,55804.0,38.0,0,5.10b,male
1213,55896.0,49.0,0,5.11d,male
1214,55916.0,53.0,1,5.12b,female
1215,55917.0,57.0,0,5.12d,male
1216,55923.0,59.0,0,5.13a,male
1217,56161.0,62.0,0,5.13b,male
1218,56190.0,53.0,0,5.12b,male
1219,56245.0,42.0,0,5.10d,male
1220,56350.0,38.0,0,5.10b,male
1221,56355.0,46.0,0,5.11b,male
1222,56422.0,55.0,0,5.12c,male
1223,56438.0,46.0,0,5.11b,male
1224,56512.0,62.0,0,5.13b,male
1225,56535.0,51.0,0,5.12a,male
1226,56585.0,59.0,0,5.13a,male
1227,56637.0,53.0,0,5.12b,male
1228,56656.0,62.0,0,5.13b,male
1229,56666.0,66.0,0,5.13d,male
1230,56775.0,42.0,0,5.10d,male
1231,56791.0,66.0,0,5.13d,male
1232,56805.0,51.0,0,5.12a,male
1233,56850.0,29.0,0,5.7,male
1234,56933.0,51.0,0,5.12a,male
1235,57250.0,53.0,0,5.12b,male
1236,57259.0,55.0,1,5.12c,female
1237,57261.0,59.0,0,5.13a,male
1238,57281.0,49.0,0,5.11d,male
1239,57344.0,57.0,0,5.12d,male
1240,57510.0,49.0,0,5.11d,male
1241,57521.0,59.0,1,5.13a,female
1242,57535.0,36.0,0,5.10a,male
1243,57563.0,36.0,0,5.10a,male
1244,57565.0,51.0,0,5.12a,male
1245,57730.0,51.0,1,5.12a,female
1246,57839.0,66.0,0,5.13d,male
1247,57921.0,57.0,0,5.12d,male
1248,58255.0,44.0,1,5.11a,female
1249,58294.0,53.0,0,5.12b,male
1250,58322.0,64.0,0,5.13c,male
1251,58449.0,59.0,0,5.13a,male
1252,58604.0,53.0,0,5.12b,male
1253,58615.0,64.0,0,5.13c,male
1254,58648.0,64.0,0,5.13c,male
1255,58711.0,62.0,0,5.13b,male
1256,58752.0,53.0,0,5.12b,male
1257,58769.0,51.0,0,5.12a,male
1258,58790.0,55.0,0,5.12c,male
1259,58798.0,59.0,0,5.13a,male
1260,58813.0,44.0,0,5.11a,male
1261,58918.0,57.0,0,5.12d,male
1262,58961.0,64.0,0,5.13c,male
1263,58987.0,57.0,0,5.12d,male
1264,59027.0,51.0,1,5.12a,female
1265,59075.0,62.0,0,5.13b,male
1266,59138.0,59.0,1,5.13a,female
1267,59140.0,59.0,0,5.13a,male
1268,59517.0,57.0,0,5.12d,male
1269,59729.0,59.0,0,5.13a,male
1270,59764.0,66.0,0,5.13d,male
1271,59770.0,57.0,1,5.12d,female
1272,59803.0,55.0,0,5.12c,male
1273,59942.0,53.0,0,5.12b,male
1274,60026.0,46.0,0,5.11b,male
1275,60061.0,59.0,0,5.13a,male
1276,60157.0,57.0,0,5.12d,male
1277,60245.0,49.0,1,5.11d,female
1278,60284.0,62.0,0,5.13b,male
1279,60300.0,31.0,0,5.8,male
1280,60341.0,53.0,0,5.12b,male
1281,60366.0,51.0,0,5.12a,male
1282,60372.0,55.0,0,5.12c,male
1283,60430.0,55.0,0,5.12c,male
1284,60502.0,64.0,0,5.13c,male
1285,60508.0,44.0,0,5.11a,male
1286,60525.0,62.0,0,5.13b,male
1287,60589.0,46.0,0,5.11b,male
1288,60595.0,53.0,0,5.12b,male
1289,60662.0,51.0,0,5.12a,male
1290,60909.0,46.0,0,5.11b,male
1291,60950.0,53.0,0,5.12b,male
1292,60985.0,42.0,0,5.10d,male
1293,60986.0,62.0,0,5.13b,male
1294,61053.0,68.0,0,5.14a,male
1295,61066.0,46.0,0,5.11b,male
1296,61068.0,57.0,0,5.12d,male
1297,61087.0,51.0,0,5.12a,male
1298,61099.0,31.0,0,5.8,male
1299,61107.0,55.0,1,5.12c,female
1300,61136.0,55.0,0,5.12c,male
1301,61172.0,49.0,0,5.11d,male
1302,61184.0,62.0,0,5.13b,male
1303,61252.0,53.0,0,5.12b,male
1304,61284.0,55.0,0,5.12c,male
1305,61295.0,59.0,1,5.13a,female
1306,61311.0,59.0,0,5.13a,male
1307,61335.0,42.0,0,5.10d,male
1308,61375.0,51.0,0,5.12a,male
1309,61484.0,62.0,0,5.13b,male
1310,61619.0,51.0,0,5.12a,male
1311,61634.0,51.0,0,5.12a,male
1312,61640.0,51.0,0,5.12a,male
1313,61746.0,57.0,0,5.12d,male
1314,61817.0,55.0,0,5.12c,male
1315,61821.0,40.0,1,5.10c,female
1316,61862.0,59.0,0,5.13a,male
1317,61887.0,44.0,1,5.11a,female
1318,61891.0,62.0,1,5.13b,female
1319,61936.0,64.0,0,5.13c,male
1320,61993.0,55.0,0,5.12c,male
1321,62084.0,53.0,0,5.12b,male
1322,62087.0,62.0,1,5.13b,female
1323,62100.0,42.0,0,5.10d,male
1324,62132.0,51.0,1,5.12a,female
1325,62206.0,62.0,0,5.13b,male
1326,62213.0,55.0,0,5.12c,male
1327,62275.0,59.0,0,5.13a,male
1328,62301.0,44.0,0,5.11a,male
1329,62307.0,59.0,0,5.13a,male
1330,62327.0,44.0,1,5.11a,female
1331,62369.0,36.0,0,5.10a,male
1332,62377.0,57.0,0,5.12d,male
1333,62429.0,59.0,0,5.13a,male
1334,62440.0,66.0,0,5.13d,male
1335,62516.0,62.0,0,5.13b,male
1336,62550.0,53.0,0,5.12b,male
1337,62551.0,46.0,0,5.11b,male
1338,62565.0,59.0,0,5.13a,male
1339,62593.0,62.0,0,5.13b,male
1340,62611.0,40.0,0,5.10c,male
1341,62719.0,55.0,0,5.12c,male
1342,62766.0,46.0,0,5.11b,male
1343,62808.0,53.0,1,5.12b,female
1344,62877.0,59.0,1,5.13a,female
1345,62978.0,64.0,0,5.13c,male
1346,62979.0,59.0,0,5.13a,male
1347,63115.0,53.0,0,5.12b,male
1348,63329.0,33.0,0,5.9,male
1349,63381.0,64.0,0,5.13c,male
1350,63564.0,46.0,0,5.11b,male
1351,63582.0,53.0,0,5.12b,male
1352,63621.0,59.0,0,5.13a,male
1353,63800.0,53.0,0,5.12b,male
1354,63850.0,59.0,0,5.13a,male
1355,63934.0,55.0,0,5.12c,male
1356,63974.0,62.0,0,5.13b,male
1357,64106.0,53.0,0,5.12b,male
1358,64223.0,29.0,0,5.7,male
1359,64263.0,38.0,0,5.10b,male
1360,64293.0,51.0,0,5.12a,male
1361,64332.0,53.0,0,5.12b,male
1362,64444.0,51.0,0,5.12a,male
1363,64603.0,53.0,0,5.12b,male
1364,64609.0,57.0,0,5.12d,male
1365,64636.0,49.0,0,5.11d,male
1366,64716.0,33.0,1,5.9,female
1367,64754.0,51.0,0,5.12a,male
1368,64801.0,40.0,0,5.10c,male
1369,64842.0,40.0,0,5.10c,male
1370,64847.0,66.0,0,5.13d,male
1371,64892.0,51.0,0,5.12a,male
1372,64990.0,55.0,1,5.12c,female
1373,65089.0,51.0,0,5.12a,male
1374,65111.0,57.0,0,5.12d,male
1375,65137.0,59.0,0,5.13a,male
1376,65143.0,57.0,0,5.12d,male
1377,65151.0,51.0,0,5.12a,male
1378,65173.0,51.0,0,5.12a,male
1379,65177.0,46.0,0,5.11b,male
1380,65200.0,55.0,1,5.12c,female
1381,65309.0,59.0,0,5.13a,male
1382,65355.0,38.0,0,5.10b,male
1383,65388.0,44.0,0,5.11a,male
1384,65454.0,51.0,0,5.12a,male
1385,65484.0,33.0,1,5.9,female
1386,65584.0,46.0,0,5.11b,male
1387,65596.0,53.0,0,5.12b,male
1388,65642.0,62.0,0,5.13b,male
1389,65727.0,40.0,0,5.10c,male
1390,65760.0,55.0,0,5.12c,male
1391,66029.0,59.0,0,5.13a,male
1392,66134.0,57.0,0,5.12d,male
1393,66135.0,33.0,0,5.9,male
1394,66180.0,55.0,0,5.12c,male
1395,66231.0,51.0,0,5.12a,male
1396,66253.0,57.0,0,5.12d,male
1397,66315.0,53.0,0,5.12b,male
1398,66369.0,23.0,0,5.5,male
1399,66475.0,68.0,0,5.14a,male
1400,66619.0,51.0,0,5.12a,male
1401,66631.0,66.0,0,5.13d,male
1402,66703.0,55.0,0,5.12c,male
1403,66832.0,62.0,0,5.13b,male
